Category,Dataset Name,Data Custodian/Source,Description,Geographic Granularity,Direct Strategic Use Case for a Sydney Library,Direct Link
Demographics & Population,ABS Census of Population and Housing (2021),Australian Bureau of Statistics (ABS),Comprehensive demographic variables (age, sex, ancestry, language, Indigenous status, families/households, mobility).,SA1; SA2; SA3; SA4; SAL (suburbs/localities for selected items); LGA; GCCSA; State,Use Language Spoken at Home and Country of Birth by SA2/LGA to prioritise multilingual collections per branch.,https://www.abs.gov.au/census/find-census-data
Demographics & Population,ABS Data by Region (Profiles),Australian Bureau of Statistics (ABS),Consolidated demographic/economic/housing indicators with easy regional selection and export.,SA2; LGA; SA3; SA4; GCCSA,Generate one-page profiles for each branch catchment (SA2/LGA) to brief staff and councillors.,https://www.abs.gov.au/data-by-region
Demographics & Population,Regional Population (ERP) – Regional population,Australian Bureau of Statistics (ABS),Official annual Estimated Resident Population and growth by age/sex.,LGA; SA2; SA3; SA4; GCCSA,Track growth hotspots to plan mobile library stops or advocate for new/expanded branches.,https://www.abs.gov.au/statistics/people/population/regional-population/latest-release
Demographics & Population,Regional Population by Age and Sex,Australian Bureau of Statistics (ABS),ERP by single year of age and sex for regions.,LGA; SA2,Align early years/seniors programming and space design to precise age structures per branch.,https://www.abs.gov.au/statistics/people/population/regional-population-age-sex/latest-release
Demographics & Population,Regional Internal Migration Estimates (RIME),Australian Bureau of Statistics (ABS),Internal migration between regions by age.,SA2; LGA; SA3; SA4,Identify SA2s with net family inflows and scale early literacy programs.,https://www.abs.gov.au/statistics/people/population/regional-internal-migration-estimates/latest-release
Demographics & Population,NSW Population, Household and Dwelling Projections,NSW Department of Planning and Environment (DPE),Forecasts to 2041+ for population/households/dwellings.,LGA; Region; selected SA2,Anticipate demand for spaces/resources in fast-growing greenfield/suburban SA2s.,https://www.planning.nsw.gov.au/population-projections
Demographics & Population,Settlement Data (Permanent and Humanitarian Arrivals),Australian Government Department of Home Affairs,Recently arrived migrants by LGA (country of birth, language, visa stream, arrival year).,LGA,Target English conversation groups and translated communications in LGAs with recent arrivals.,https://www.homeaffairs.gov.au/research-and-stats/settlement-reports
Demographics & Population,Aboriginal and Torres Strait Islander Peoples – Census & Estimates,Australian Bureau of Statistics (ABS),Population counts and characteristics for Aboriginal and Torres Strait Islander peoples.,SA2; LGA; SA3; SA4,Co-design programming with local Aboriginal organisations in LGAs with larger First Nations communities.,https://www.abs.gov.au/statistics/people/aboriginal-and-torres-strait-islander-peoples
Demographics & Population,Households and Families (Census),Australian Bureau of Statistics (ABS),Household composition, family type, children, lone-person households.,SA1 to LGA,Adjust storytime scheduling and family services in suburbs with high rates of young families.,https://www.abs.gov.au/census/find-census-data
Socio-Economic Data,SEIFA 2021 (IRSD; IRSAD; IEO; IER),Australian Bureau of Statistics (ABS),Indexes ranking areas by socio-economic advantage/disadvantage, education/occupation and economic resources.,SA1; SA2; LGA; SA3,Prioritise outreach, fee waivers and digital inclusion in SA2s in lowest quintiles.,https://www.abs.gov.au/statistics/people/disability-ageing-and-carers/socio-economic-indexes-areas-seifa/latest-release
Socio-Economic Data,Small Area Labour Markets (SALM),Department of Employment and Workplace Relations (DEWR),Quarterly LGA-level unemployment and labour market indicators.,LGA,Schedule job-seeker workshops and résumé clinics in higher-unemployment LGAs.,https://www.dewr.gov.au/small-area-labour-markets
Socio-Economic Data,Regional Labour Force (Monthly),Australian Bureau of Statistics (ABS),Employment, unemployment and participation for SA4s.,SA4 (Greater Sydney),Track labour market shifts to plan career support sessions and small business events.,https://www.abs.gov.au/statistics/labour/employment-and-unemployment/regional-labour-force/latest-release
Socio-Economic Data,Rental Bond Data,NSW Fair Trading,Median rents and bond lodgements; trends over time.,Suburb (SAL); LGA,Identify rental stress areas and offer tenant rights info sessions; support printing/scanning.,https://data.nsw.gov.au/data/dataset/rental-bond-data
Socio-Economic Data,Household Income & Wealth (survey) + Census income proxies,Australian Bureau of Statistics (ABS),Distribution of household income/wealth (survey); small-area via Census income variables.,National/State (survey); SA1–LGA (Census variables),Target financial literacy and budgeting programs using Census income profiles + SEIFA.,https://www.abs.gov.au/statistics/economy/finance/household-income-and-wealth-australia/latest-release
Socio-Economic Data,Housing Tenure and Costs (Census),Australian Bureau of Statistics (ABS),Tenure type, rent/mortgage payments, overcrowding.,SA1 to LGA,Tailor services for renters and apartment dwellers where renting is prevalent.,https://www.abs.gov.au/census/find-census-data
Socio-Economic Data,Internet Access in Dwellings (Census),Australian Bureau of Statistics (ABS),Households with/without internet at home.,SA1 to LGA,Expand PCs, Wi‑Fi and device-lending in SA2s with low home internet access.,https://www.abs.gov.au/census/find-census-data
Socio-Economic Data,Taxation Statistics (Individuals) by Postcode,Australian Taxation Office (ATO),Taxable incomes and indicators published at postcode level.,Postcode,Supplement income profiles for marketing segmentation and grant bids.,https://www.ato.gov.au/About-ATO/Research-and-statistics/In-detail/Taxation-statistics/
Socio-Economic Data,Estimating Homelessness,Australian Bureau of Statistics (ABS),Estimates of people experiencing homelessness and marginal housing.,LGA; SA2,Coordinate with local services to provide safe daytime spaces and referral info.,https://www.abs.gov.au/statistics/people/housing/estimating-homelessness/latest-release
Education & Skills,NSW Schools and Students (locations; enrolments),NSW Department of Education – CESE,Public school locations and enrolment statistics by school.,School (point); LGA,Partner with high‑enrolment schools to offer homework clubs and HSC study sessions.,https://data.cese.nsw.gov.au/data/dataset/schools-and-students
Education & Skills,NSW Public School Intake Zones (catchments),NSW Department of Education,Boundaries of intake zones for public schools (via School Finder).,Polygon catchments,Align after‑school outreach and communications with local primary school catchments.,https://education.nsw.gov.au/school-finder
Education & Skills,My School – School Profiles and NAPLAN (public),Australian Curriculum, Assessment and Reporting Authority (ACARA),School profiles with aggregate NAPLAN performance, enrolments and student mix.,School,Target literacy support near schools with lower literacy outcomes.,https://www.myschool.edu.au/
Education & Skills,Australian Early Development Census (AEDC),Australian Government Department of Education,Triennial census of developmental domains for children in first year of full-time school.,Community (suburb/LGA aggregation),Prioritise early literacy and play‑based programs where vulnerability is higher.,https://www.aedc.gov.au/data
Education & Skills,VET Students and Courses (regional summaries),National Centre for Vocational Education Research (NCVER),Participation and completions in vocational education; interactive data.,State; SA4 (Greater Sydney),Offer job‑ready programs aligned to in‑demand VET fields.,https://www.ncver.edu.au/research-and-statistics/data
Education & Skills,Higher Education Statistics (uCube/datasets),Australian Government Department of Education,Enrolments, load and completions by provider, field and level.,Institution (provider); some regional views,Partner with nearby universities/TAFE for exam prep spaces and academic skills workshops.,https://www.education.gov.au/higher-education-statistics
Education & Skills,TAFE NSW Campus Locations,TAFE NSW / NSW Government,Geocoded campus locations across NSW.,Facility (point),Promote databases and study support near large TAFE campuses.,https://data.nsw.gov.au/
Community Infrastructure & Services,NSW Health Facility Locations,NSW Ministry of Health,Public hospitals, community health centres and other health facilities.,Facility (point),Co-host health literacy talks and outreach with nearby hospitals/clinics.,https://data.nsw.gov.au/data/dataset/health-facility-locations
Community Infrastructure & Services,National Public Toilet Map,Australian Government Department of Health and Aged Care,Locations and accessibility features of public toilets nationwide.,Facility (point),Plan pram‑friendly routes and accessible outreach events.,https://toiletmap.gov.au
Community Infrastructure & Services,ACECQA Early Childhood Education & Care Services (NQF Registers),Australian Children’s Education and Care Quality Authority (ACECQA),Approved services, locations and quality ratings.,Service (point),Partner with local services to deliver storytime and early literacy outreach.,https://www.acecqa.gov.au/resources/national-registers/services
Community Infrastructure & Services,City of Sydney Community Facilities,City of Sydney,Locations and attributes of community centres, halls and cultural venues.,Facility (point),Book off‑site venues for pop‑ups and events in high‑need suburbs.,https://data.cityofsydney.nsw.gov.au/datasets/community-facilities
Community Infrastructure & Services,City of Parramatta Community Facilities & Venues,City of Parramatta,Venue locations and details for hire/community use.,Facility (point),Co‑locate programming with council venues near growth areas.,https://data.parracity.nsw.gov.au/
Community Infrastructure & Services,Public Library Statistics (NSW),State Library of New South Wales,Annual library performance statistics by LGA (visits, loans, membership, programs, expenditure).,LGA,Benchmark against peer LGAs to support funding submissions and service prioritisation.,https://pls.sl.nsw.gov.au/managing-my-library/public-library-statistics
Community Infrastructure & Services,Service NSW Centre Locations,Service NSW,Customer service centre locations and hours.,Facility (point),Set up outreach desks and sign-up drives on peak days.,https://data.nsw.gov.au/
Community Infrastructure & Services,Parks, Playgrounds and Sports Facilities (council portals),Multiple Greater Sydney councils (e.g., City of Sydney, Canterbury‑Bankstown, Blacktown, Inner West, Northern Beaches),Local open space assets and amenities.,Facility/asset (point/polygon),Schedule outdoor storytimes and pop‑ups in high‑use parks near branches.,https://data.cityofsydney.nsw.gov.au/
Transport & Accessibility,GTFS Static Timetables (Greater Sydney),Transport for NSW (TfNSW),Timetables and routes for bus, train, light rail and ferry.,Route; Stop (point/line),Align program times with high‑frequency routes serving each branch.,https://opendata.transport.nsw.gov.au/
Transport & Accessibility,GTFS Realtime (where available),Transport for NSW (TfNSW),Real‑time positions and service alerts.,Route; Stop,Inform pop‑up outreach scheduling during disruptions or special events.,https://opendata.transport.nsw.gov.au/
Transport & Accessibility,Opal Tap On/Off (Aggregated Patronage),Transport for NSW (TfNSW),Aggregated patronage trends by stop/station and time (selected releases).,Stop/Station,Target commuter‑facing promotions at branches near high‑volume stations.,https://opendata.transport.nsw.gov.au/dataset/opal-tap-on-and-tap-off
Transport & Accessibility,Public Transport Stops and Routes (GIS layers),Transport for NSW (TfNSW),Geospatial layers of stops and routes.,Point/line,Map walk‑sheds around branches to identify underserved suburbs.,https://opendata.transport.nsw.gov.au/
Transport & Accessibility,Pedestrian and Cycle Counts,City of Sydney,Automated counts at key pedestrian/cycle locations over time.,Sensor point,Select high‑footfall sites for street libraries and pop‑ups.,https://data.cityofsydney.nsw.gov.au/datasets/pedestrian-and-cycle-counts
Transport & Accessibility,Sydney Cycling Network and Walking Paths (council layers),City of Sydney and other councils,Cycleways, shared paths and pedestrian corridors.,Line/polygon,Promote active travel routes and locate bike‑friendly facilities at branches.,https://data.cityofsydney.nsw.gov.au/
Transport & Accessibility,NSW Road Network,Transport for NSW (TfNSW),Road classifications and segments across NSW.,Road segment,Plan car‑access and parking communications for suburban branches.,https://data.nsw.gov.au/data/dataset/nsw-road-network
Transport & Accessibility,Household Travel Survey (HTS) – Key Indicators,Transport for NSW (TfNSW),Travel behaviour indicators over time (mode share, trip rates) with regional breakdowns.,Greater Sydney; selected LGA/SA3 tables,Adjust opening hours and outreach to align with local travel behaviour.,https://opendata.transport.nsw.gov.au/
Local Economy & Business,Counts of Australian Businesses (Entries/Exits),Australian Bureau of Statistics (ABS),Counts by ANZSIC industry and employment size.,LGA; SA2,Offer small business workshops in LGAs with high micro‑enterprise density.,https://www.abs.gov.au/statistics/industry/industry-overview/counts-australian-businesses-including-entries-and-exits
Local Economy & Business,Industry & Occupation (Census – PUR/POW),Australian Bureau of Statistics (ABS),Industry and occupation by place of usual residence and place of work.,SA2; LGA; SA3,Build collections and programs for prevalent local occupations/industries.,https://www.abs.gov.au/census/find-census-data
Local Economy & Business,Journey to Work (Origin–Destination) SA2↔SA2,Australian Bureau of Statistics (ABS),Origin–destination commuting flows between SA2s.,SA2 OD pairs,Identify daytime population catchments for CBD branches to tailor services.,https://www.abs.gov.au/census/find-census-data
Local Economy & Business,NSW Planning Portal – Open DA Data,NSW Department of Planning and Environment; Councils,Development application registers and performance data feeds.,Property/application,Track new apartment approvals to forecast demand for children’s and newcomer services.,https://www.planningportal.nsw.gov.au/opendata
Local Economy & Business,City of Sydney Development Applications,City of Sydney,Current and historical DAs with status and metadata.,Property/application,Anticipate local construction impacts on branch operations and parking.,https://data.cityofsydney.nsw.gov.au/datasets/development-applications
Local Economy & Business,NSW Housing Data Portal / Housing Supply Dashboard,NSW Department of Planning and Environment (DPE),Completions, approvals and pipeline indicators for housing supply.,LGA; Region,Forecast population shifts and plan services in growth LGAs.,https://www.planning.nsw.gov.au/housing
Health & Wellbeing,HealthStats NSW,NSW Ministry of Health,Indicators on chronic disease, mental health, risk factors and service use.,LGA; LHD; SA3 (varies),Run targeted health literacy sessions (e.g., diabetes prevention) where prevalence is higher.,https://www.healthstats.nsw.gov.au/
Health & Wellbeing,PHIDU Social Health Atlases,Torrens University – PHIDU,Small-area social and health indicators (demography, disadvantage, health status).,LGA; SA3,Identify LGAs with social isolation risk to scale outreach/home‑library services.,https://phidu.torrens.edu.au/social-health-atlases
Health & Wellbeing,NDIS Participants and Providers,National Disability Insurance Agency (NDIA),Participant counts and provider information by region.,LGA; SA3/SA4 (varies),Offer assistive technology demos and accessible programs in high‑NDIS areas.,https://data.ndis.gov.au/
Health & Wellbeing,Disability (Need for Assistance) – Census,Australian Bureau of Statistics (ABS),People needing assistance with core activities.,SA1 to LGA,Improve accessible collections, large‑print and assistive devices where need is higher.,https://www.abs.gov.au/census/find-census-data
Health & Wellbeing,Causes of Death and Suicide (regional),Australian Bureau of Statistics (ABS); AIHW dashboards,Registered deaths and selected mental health indicators (regional availability varies).,SA4/LGA (varies),Partner to host mental health awareness and referral sessions.,https://www.abs.gov.au/statistics/health/causes-death
Crime & Safety,Recorded Crime – NSW (datasets/dashboards),NSW Bureau of Crime Statistics and Research (BOCSAR),Recorded incidents by offence type, location and time.,LGA; Suburb,Adjust security procedures and after‑hours staffing where incidents are elevated.,https://www.bocsar.nsw.gov.au/Pages/bocsar_datasets.aspx
Crime & Safety,Domestic and Family Violence (NSW),NSW Bureau of Crime Statistics and Research (BOCSAR),Incidents and trends for DFV offences.,LGA; Suburb,Provide safe referral points, info sessions and private study rooms in affected areas.,https://www.bocsar.nsw.gov.au/
Crime & Safety,NSW Road Crashes (Open Data),Transport for NSW – Centre for Road Safety,Crash locations, severity and contributing factors.,Point/road segment; LGA summaries,Improve access/wayfinding and safe routes to branches based on crash hotspots.,https://opendata.transport.nsw.gov.au/
Crime & Safety,Fire and Rescue NSW Incidents,Fire and Rescue NSW,Incident attendance and types across NSW.,Suburb; LGA,Coordinate emergency preparedness info sessions with FRNSW.,https://data.nsw.gov.au/
Geospatial & Boundary Data,ASGS 2021 Digital Boundaries (Edition 3),Australian Bureau of Statistics (ABS),Official statistical boundaries (Mesh Block to SA4; SAL; LGA; GCCSA).,Mesh Block; SA1; SA2; SA3; SA4; SAL; LGA; GCCSA,Build consistent maps and thematic overlays for catchment analysis.,https://www.abs.gov.au/statistics/standards/australian-statistical-geography-standard-asgs-edition-3-jul2021-jun2026
Geospatial & Boundary Data,NSW Administrative Boundaries,NSW Spatial Services,Administrative boundary layers (LGAs; suburbs/localities).,LGA; SAL,Overlay boundaries with Census indicators for branch‑level planning.,https://data.nsw.gov.au/data/dataset/nsw-administrative-boundaries
Geospatial & Boundary Data,Geocoded National Address File (G‑NAF),Geoscape Australia (via data.gov.au),Authoritative national geocoded address points.,Address point,Geocode member addresses (aggregated) to map service reach and gaps.,https://data.gov.au/dataset/geocoded-national-address-file-g-naf
Geospatial & Boundary Data,NSW Land Zoning (LEP) – Statewide Consolidated,NSW Department of Planning and Environment (DPE),Current land use zoning under Local Environmental Plans.,Parcel/polygon,Anticipate rezonings to higher density near branches to plan space and services.,https://www.planningportal.nsw.gov.au/opendata
Geospatial & Boundary Data,Suburbs and Localities (SAL) – ASGS,Australian Bureau of Statistics (ABS),National suburb/locality boundaries.,SAL (polygon),Produce suburb‑level profiles for targeted outreach and events.,https://www.abs.gov.au/statistics/standards/australian-statistical-geography-standard-asgs-edition-3
Geospatial & Boundary Data,LGA Boundaries (NSW),NSW Spatial Services,Official NSW LGA polygons.,LGA,Ensure reporting aligns to official LGA boundaries for council reporting.,https://data.nsw.gov.au/